Date,Heure,Date de,Produit,Code ISIN,Description,FX,Mouvements,,Solde,,ID Ordre
29-07-2023,07:35,28-07-2023,,,Operation de change - Crédit,,EUR,"5,44",EUR,"3796,30",
29-07-2023,07:35,28-07-2023,,,Opération de change - Débit,"1,4615",CAD,"-7,95",CAD,"0,00",
28-07-2023,16:35,28-07-2023,,,"Virement vers votre Compte Espèces à la flatexDEGIRO Bank: 1,03 EUR",,,,EUR,"3790,86",
28-07-2023,16:35,28-07-2023,FLATEX EURO BANKACCOUNT,NLFLATEXACNT,Degiro Cash Sweep Transfer,,EUR,"-1,03",EUR,"3789,83",
28-07-2023,07:38,27-07-2023,,,Operation de change - Crédit,,EUR,"1,03",EUR,"3790,86",
28-07-2023,07:38,27-07-2023,,,Opération de change - Débit,"1,1006",USD,"-1,13",USD,"0,00",
28-07-2023,07:00,27-07-2023,BANK OF NOVA SCOTIA,CA0641491075,Dividende,,CAD,"10,60",CAD,"7,95",
28-07-2023,07:00,27-07-2023,BANK OF NOVA SCOTIA,CA0641491075,Impôts sur dividende,,CAD,"-2,65",CAD,"-2,65",
27-07-2023,07:10,26-07-2023,VANGUARD USDTRBOND,IE00BZ163M45,Dividende,,USD,"1,13",USD,"1,13",
04-07-2023,00:49,03-07-2023,,,"Virement depuis votre Compte Espèces à la flatexDEGIRO Bank: 2,5 EUR",,,,EUR,"3789,83",
04-07-2023,00:49,03-07-2023,FLATEX EURO BANKACCOUNT,NLFLATEXACNT,Degiro Cash Sweep Transfer,,EUR,"2,50",EUR,"3792,33",
03-07-2023,13:07,30-06-2023,,,Frais de connexion aux places boursières 2023 (Borsa Italiana S.p.A. - MIL),,EUR,"-2,50",EUR,"3789,83",
02-07-2023,11:41,30-06-2023,,,Flatex Interest Income,,EUR,"0,00",EUR,"3792,33",
30-06-2023,19:05,30-06-2023,,,"Virement vers votre Compte Espèces à la flatexDEGIRO Bank: 1,07 EUR",,,,EUR,"3792,33",
30-06-2023,19:05,30-06-2023,FLATEX EURO BANKACCOUNT,NLFLATEXACNT,Degiro Cash Sweep Transfer,,EUR,"-1,07",EUR,"3791,26",
30-06-2023,07:58,29-06-2023,,,Operation de change - Crédit,,EUR,"1,07",EUR,"3792,33",
30-06-2023,07:58,29-06-2023,,,Opération de change - Débit,"1,0892",USD,"-1,16",USD,"0,00",
29-06-2023,07:12,28-06-2023,VANGUARD USDTRBOND,IE00BZ163M45,Dividende,,USD,"1,16",USD,"1,16",
23-06-2023,11:07,22-06-2023,,,"Virement depuis votre Compte Espèces à la flatexDEGIRO Bank: 890,23 EUR",,,,EUR,"3791,26",
23-06-2023,11:07,22-06-2023,FLATEX EURO BANKACCOUNT,NLFLATEXACNT,Degiro Cash Sweep Transfer,,EUR,"890,23",EUR,"4681,49",
22-06-2023,17:49,22-06-2023,,,"Virement depuis votre Compte Espèces à la flatexDEGIRO Bank: 1 055,5 EUR",,,,EUR,"3791,26",
22-06-2023,17:49,22-06-2023,FLATEX EURO BANKACCOUNT,NLFLATEXACNT,Degiro Cash Sweep Transfer,,EUR,"1055,50",EUR,"4846,76",
22-06-2023,16:46,22-06-2023,ROYAL BANK OF CANADA C,CA7800871021,Operation de change - Crédit,"1,0943",USD,"282,84",USD,"0,00",cb71d3dc-0edb-45f0-8055-45fda465f4d9
22-06-2023,16:46,22-06-2023,ROYAL BANK OF CANADA C,CA7800871021,Opération de change - Débit,,EUR,"-258,48",EUR,"3791,26",cb71d3dc-0edb-45f0-8055-45fda465f4d9
22-06-2023,16:46,22-06-2023,ROYAL BANK OF CANADA C,CA7800871021,Frais DEGIRO de courtage et/ou de parties tierces,,EUR,"-2,00",EUR,"4049,74",cb71d3dc-0edb-45f0-8055-45fda465f4d9
22-06-2023,16:46,22-06-2023,ROYAL BANK OF CANADA C,CA7800871021,"Achat 3 ROYAL BANK OF CANADA C@94,28 USD (CA7800871021)",,USD,"-282,84",USD,"-282,84",cb71d3dc-0edb-45f0-8055-45fda465f4d9
22-06-2023,16:45,22-06-2023,TORONTO DOMINION BANK,CA8911605092,Operation de change - Crédit,"1,0943",USD,"300,30",USD,"0,00",d8eb063c-b882-4190-bd96-e333ef14bcf4
22-06-2023,16:45,22-06-2023,TORONTO DOMINION BANK,CA8911605092,Opération de change - Débit,,EUR,"-274,43",EUR,"4051,74",d8eb063c-b882-4190-bd96-e333ef14bcf4
22-06-2023,16:45,22-06-2023,TORONTO DOMINION BANK,CA8911605092,Frais DEGIRO de courtage et/ou de parties tierces,,EUR,"-2,00",EUR,"4326,17",d8eb063c-b882-4190-bd96-e333ef14bcf4
22-06-2023,16:45,22-06-2023,TORONTO DOMINION BANK,CA8911605092,"Achat 5 TORONTO DOMINION BANK@60,06 USD (CA8911605092)",,USD,"-300,30",USD,"-300,30",d8eb063c-b882-4190-bd96-e333ef14bcf4
22-06-2023,16:45,22-06-2023,TELUS CORPORATION ORDI,CA87971M1032,Operation de change - Crédit,"1,0942",USD,"384,40",USD,"0,00",02680615-f995-4dba-a7b5-06173acc0955
22-06-2023,16:45,22-06-2023,TELUS CORPORATION ORDI,CA87971M1032,Opération de change - Débit,,EUR,"-351,32",EUR,"4328,17",02680615-f995-4dba-a7b5-06173acc0955
22-06-2023,16:45,22-06-2023,TELUS CORPORATION ORDI,CA87971M1032,Frais DEGIRO de courtage et/ou de parties tierces,,EUR,"-2,00",EUR,"4679,49",02680615-f995-4dba-a7b5-06173acc0955
22-06-2023,16:45,22-06-2023,TELUS CORPORATION ORDI,CA87971M1032,"Achat 20 TELUS CORPORATION ORDI@19,22 USD (CA87971M1032)",,USD,"-384,40",USD,"-384,40",02680615-f995-4dba-a7b5-06173acc0955
22-06-2023,09:56,22-06-2023,ISHARES $ TIPS UCITS ETF,IE00B1FZSC47,Frais DEGIRO de courtage et/ou de parties tierces,,EUR,"-3,00",EUR,"4681,49",a767673f-efea-4e6f-92e8-3f0045e4c9a9
22-06-2023,09:56,22-06-2023,ISHARES $ TIPS UCITS ETF,IE00B1FZSC47,"Achat 5 ISHARES $ TIPS UCITS ETF@210,5 EUR (IE00B1FZSC47)",,EUR,"-1052,50",EUR,"4684,49",a767673f-efea-4e6f-92e8-3f0045e4c9a9
05-06-2023,18:04,05-06-2023,,,"Virement vers votre Compte Espèces à la flatexDEGIRO Bank: 6,41 EUR",,,,EUR,"5736,99",
05-06-2023,18:04,05-06-2023,FLATEX EURO BANKACCOUNT,NLFLATEXACNT,Degiro Cash Sweep Transfer,,EUR,"-6,41",EUR,"5730,58",
03-06-2023,07:42,02-06-2023,,,Operation de change - Crédit,,EUR,"6,41",EUR,"5736,99",
03-06-2023,07:42,02-06-2023,,,Opération de change - Débit,"1,0735",USD,"-6,88",USD,"0,00",
02-06-2023,17:36,02-06-2023,,,"Virement vers votre Compte Espèces à la flatexDEGIRO Bank: 1,32 EUR",,,,EUR,"5730,58",
02-06-2023,17:36,02-06-2023,FLATEX EURO BANKACCOUNT,NLFLATEXACNT,Degiro Cash Sweep Transfer,,EUR,"-1,32",EUR,"5729,26",
02-06-2023,07:36,01-06-2023,,,Operation de change - Crédit,,EUR,"1,32",EUR,"5730,58",
02-06-2023,07:36,01-06-2023,,,Opération de change - Débit,"1,0789",USD,"-1,42",USD,"6,88",
02-06-2023,07:28,01-06-2023,UNITED PARCEL SERVICE,US9113121068,Dividende,,USD,"8,10",USD,"8,30",
02-06-2023,07:28,01-06-2023,UNITED PARCEL SERVICE,US9113121068,Impôts sur dividende,,USD,"-1,22",USD,"0,20",
01-06-2023,17:49,01-06-2023,,,Virement depuis votre Compte Espèces à la flatexDEGIRO Bank: 5 EUR,,,,EUR,"5729,26",
01-06-2023,17:49,01-06-2023,FLATEX EURO BANKACCOUNT,NLFLATEXACNT,Degiro Cash Sweep Transfer,,EUR,"5,00",EUR,"5734,26",
01-06-2023,14:52,31-05-2023,,,Frais de connexion aux places boursières 2023 (Euronext Amsterdam - EAM),,EUR,"-2,50",EUR,"5729,26",
01-06-2023,14:52,31-05-2023,,,Frais de connexion aux places boursières 2023 (Tradegate AG - TDG),,EUR,"-2,50",EUR,"5731,76",
01-06-2023,07:27,31-05-2023,VANGUARD USDTRBOND,IE00BZ163M45,Dividende,,USD,"1,42",USD,"1,42",
18-05-2023,18:04,18-05-2023,,,"Virement depuis votre Compte Espèces à la flatexDEGIRO Bank: 465,6 EUR",,,,EUR,"5734,26",
18-05-2023,18:04,18-05-2023,FLATEX EURO BANKACCOUNT,NLFLATEXACNT,Degiro Cash Sweep Transfer,,EUR,"465,60",EUR,"6199,86",
18-05-2023,09:57,18-05-2023,BANK OF NOVA SCOTIA,CA0641491075,Frais DEGIRO de courtage et/ou de parties tierces,,EUR,"-3,90",EUR,"5734,26",a4904210-ec9d-4520-9154-1f106538c3e3
18-05-2023,09:57,18-05-2023,BANK OF NOVA SCOTIA,CA0641491075,"Achat 10 Bank of Nova Scotia@46,17 EUR (CA0641491075)",,EUR,"-461,70",EUR,"5738,16",a4904210-ec9d-4520-9154-1f106538c3e3
17-05-2023,17:49,17-05-2023,,,"Virement depuis votre Compte Espèces à la flatexDEGIRO Bank: 415,96 EUR",,,,EUR,"6199,86",
17-05-2023,17:49,17-05-2023,FLATEX EURO BANKACCOUNT,NLFLATEXACNT,Degiro Cash Sweep Transfer,,EUR,"415,96",EUR,"6615,82",
17-05-2023,14:49,17-05-2023,VANGUARD USDTRBOND,IE00BZ163M45,Frais DEGIRO de courtage et/ou de parties tierces,,EUR,"-1,00",EUR,"6199,86",6fb44b36-4f4d-41a5-bd04-4b55491624fc
17-05-2023,14:49,17-05-2023,VANGUARD USDTRBOND,IE00BZ163M45,"Achat 20 VANGUARD USDTRBOND@20,748 EUR (IE00BZ163M45)",,EUR,"-414,96",EUR,"6200,86",6fb44b36-4f4d-41a5-bd04-4b55491624fc
05-04-2023,01:50,04-04-2023,,,"Virement depuis votre Compte Espèces à la flatexDEGIRO Bank: 2,5 EUR",,,,EUR,"6615,82",
05-04-2023,01:50,04-04-2023,FLATEX EURO BANKACCOUNT,NLFLATEXACNT,Degiro Cash Sweep Transfer,,EUR,"2,50",EUR,"6618,32",
04-04-2023,08:20,31-03-2023,,,Frais de connexion aux places boursières 2023 (New York Stock Exchange - NSY),,EUR,"-2,50",EUR,"6615,82",
03-04-2023,05:21,31-03-2023,,,Flatex Interest Income,,EUR,"0,00",EUR,"6618,32",
03-03-2023,10:49,02-03-2023,,,"Virement depuis votre Compte Espèces à la flatexDEGIRO Bank: 865,6 EUR",,,,EUR,"6618,32",
03-03-2023,10:49,02-03-2023,FLATEX EURO BANKACCOUNT,NLFLATEXACNT,Degiro Cash Sweep Transfer,,EUR,"865,60",EUR,"7483,92",
02-03-2023,16:49,02-03-2023,,,"Virement depuis votre Compte Espèces à la flatexDEGIRO Bank: 1 093,2 EUR",,,,EUR,"6618,32",
02-03-2023,16:49,02-03-2023,FLATEX EURO BANKACCOUNT,NLFLATEXACNT,Degiro Cash Sweep Transfer,,EUR,"1093,20",EUR,"7711,52",
02-03-2023,15:33,02-03-2023,UNITED PARCEL SERVICE,US9113121068,Operation de change - Crédit,"1,0573",USD,"914,10",USD,"0,00",e4f4af67-8501-4858-bea6-a502ed49812a
02-03-2023,15:33,02-03-2023,UNITED PARCEL SERVICE,US9113121068,Opération de change - Débit,,EUR,"-864,60",EUR,"6618,32",e4f4af67-8501-4858-bea6-a502ed49812a
02-03-2023,15:33,02-03-2023,UNITED PARCEL SERVICE,US9113121068,Frais DEGIRO de courtage et/ou de parties tierces,,EUR,"-1,00",EUR,"7482,92",e4f4af67-8501-4858-bea6-a502ed49812a
02-03-2023,15:33,02-03-2023,UNITED PARCEL SERVICE,US9113121068,"Achat 5 UNITED PARCEL SERVICE@182,82 USD (US9113121068)",,USD,"-914,10",USD,"-914,10",e4f4af67-8501-4858-bea6-a502ed49812a
02-03-2023,12:57,02-03-2023,VANGUARD GLOBAL AGGREGATE BOND ETF EU...,IE00BG47KH54,Frais DEGIRO de courtage et/ou de parties tierces,,EUR,"-1,00",EUR,"7483,92",3b99009e-a281-41d4-9fac-6daf6338f4fe
02-03-2023,12:57,02-03-2023,VANGUARD GLOBAL AGGREGATE BOND ETF EU...,IE00BG47KH54,"Achat 50 Vanguard Global Aggregate Bond ETF EUR Hgd Acc@21,844 EUR (IE00BG47KH54)",,EUR,"-1092,20",EUR,"7484,92",3b99009e-a281-41d4-9fac-6daf6338f4fe
12-01-2023,18:18,12-01-2023,,,"Virement depuis votre Compte Espèces à la flatexDEGIRO Bank: 2 742,53 EUR",,,,EUR,"8577,12",
12-01-2023,18:18,12-01-2023,FLATEX EURO BANKACCOUNT,NLFLATEXACNT,Degiro Cash Sweep Transfer,,EUR,"2742,53",EUR,"11319,65",
12-01-2023,11:04,12-01-2023,ISHARES NASDAQ 100 UCITS ETF USD (ACC),IE00B53SZB19,Frais DEGIRO de courtage et/ou de parties tierces,,EUR,"-1,00",EUR,"8577,12",ce5d4238-5c05-4a2c-9d05-027f3cf2158f
12-01-2023,11:04,12-01-2023,ISHARES NASDAQ 100 UCITS ETF USD (ACC),IE00B53SZB19,"Achat 2 iShares NASDAQ 100 UCITS ETF USD (Acc)@601,3 EUR (IE00B53SZB19)",,EUR,"-1202,60",EUR,"8578,12",ce5d4238-5c05-4a2c-9d05-027f3cf2158f
12-01-2023,10:57,12-01-2023,ISH DM PPTY YLD,IE00BFM6T921,Operation de change - Crédit,"1,0742",USD,"528,70",USD,"0,00",f549cb76-fabf-4c2b-a63b-f640f6277682
12-01-2023,10:57,12-01-2023,ISH DM PPTY YLD,IE00BFM6T921,Opération de change - Débit,,EUR,"-492,18",EUR,"9780,72",f549cb76-fabf-4c2b-a63b-f640f6277682
12-01-2023,10:57,12-01-2023,ISH DM PPTY YLD,IE00BFM6T921,Frais DEGIRO de courtage et/ou de parties tierces,,EUR,"-1,00",EUR,"10272,90",f549cb76-fabf-4c2b-a63b-f640f6277682
12-01-2023,10:57,12-01-2023,ISH DM PPTY YLD,IE00BFM6T921,"Achat 100 ISH DM PPTY YLD@5,287 USD (IE00BFM6T921)",,USD,"-528,70",USD,"-528,70",f549cb76-fabf-4c2b-a63b-f640f6277682
12-01-2023,10:51,12-01-2023,AMUNDI PHYS GOLD,FR0013416716,Frais DEGIRO de courtage et/ou de parties tierces,,EUR,"-1,00",EUR,"10273,90",9773bbfd-395c-426c-a168-a9fff75af099
12-01-2023,10:51,12-01-2023,AMUNDI PHYS GOLD,FR0013416716,"Achat 15 AMUNDI PHYS GOLD@69,65 EUR (FR0013416716)",,EUR,"-1044,75",EUR,"10274,90",9773bbfd-395c-426c-a168-a9fff75af099
04-01-2023,05:37,03-01-2023,,,Virement depuis votre Compte Espèces à la flatexDEGIRO Bank: 5 EUR,,,,EUR,"11319,65",
04-01-2023,05:37,03-01-2023,FLATEX EURO BANKACCOUNT,NLFLATEXACNT,Degiro Cash Sweep Transfer,,EUR,"5,00",EUR,"11324,65",
03-01-2023,14:00,31-12-2022,,,Frais de connexion aux places boursières 2023 (London Stock Exchange (LSE) - LSE),,EUR,"-2,50",EUR,"11319,65",
03-01-2023,14:00,31-12-2022,,,Frais de connexion aux places boursières 2023 (Xetra - XET),,EUR,"-2,50",EUR,"11322,15",
02-01-2023,16:01,02-01-2023,,,Flatex Interest Income,,EUR,"0,00",EUR,"11324,65",
02-12-2022,16:49,02-12-2022,,,"Virement vers votre Compte Espèces à la flatexDEGIRO Bank: 3,04 EUR",,,,EUR,"11324,65",
02-12-2022,16:49,02-12-2022,FLATEX EURO BANKACCOUNT,NLFLATEXACNT,Degiro Cash Sweep Transfer,,EUR,"-3,04",EUR,"11321,61",
02-12-2022,09:30,02-12-2022,ISH DM PPTY YLD,IE00BFM6T921,Operation de change - Crédit,"1,0500",USD,"517,70",USD,"0,00",47ca3956-0251-47fc-a5f2-89bb2bf2150f
02-12-2022,09:30,02-12-2022,ISH DM PPTY YLD,IE00BFM6T921,Opération de change - Débit,,EUR,"-493,06",EUR,"11324,65",47ca3956-0251-47fc-a5f2-89bb2bf2150f
02-12-2022,09:30,02-12-2022,ISH DM PPTY YLD,IE00BFM6T921,Frais DEGIRO de courtage et/ou de parties tierces,,EUR,"-1,00",EUR,"11817,71",47ca3956-0251-47fc-a5f2-89bb2bf2150f
02-12-2022,09:30,02-12-2022,ISH DM PPTY YLD,IE00BFM6T921,"Achat 100 ISH DM PPTY YLD@5,177 USD (IE00BFM6T921)",,USD,"-517,70",USD,"-517,70",47ca3956-0251-47fc-a5f2-89bb2bf2150f
02-12-2022,09:29,02-12-2022,LYXORCOMMTHREUTERS/CORECOMMCRBEXENERG...,LU1829218582,Frais DEGIRO de courtage et/ou de parties tierces,,EUR,"-1,00",EUR,"11818,71",f73481f6-570d-42a2-bf2f-78ffb50eba8b
02-12-2022,09:29,02-12-2022,LYXORCOMMTHREUTERS/CORECOMMCRBEXENERG...,LU1829218582,"Vente 20 LyxorCommThReuters/CoreCommCRBExEnergyTRUCITSETFA@24,905 EUR (LU1829218582)",,EUR,"498,10",EUR,"11819,71",f73481f6-570d-42a2-bf2f-78ffb50eba8b
01-10-2022,20:01,30-09-2022,,,Flatex Interest,,EUR,"-1,59",EUR,"11321,61",
30-09-2022,10:04,29-09-2022,,,"Virement vers votre Compte Espèces à la flatexDEGIRO Bank: 7 997,81 EUR",,,,EUR,"11323,20",
30-09-2022,10:04,29-09-2022,FLATEX EURO BANKACCOUNT,NLFLATEXACNT,Degiro Cash Sweep Transfer,,EUR,"-7997,81",EUR,"3325,39",
29-09-2022,17:02,29-09-2022,ISHARES $ TIPS UCITS ETF,IE00B1FZSC47,Frais DEGIRO de courtage et/ou de parties tierces,,EUR,"-1,00",EUR,"11323,20",a3cc1b24-437f-4b7f-a5f3-7d32c1777b56
29-09-2022,17:02,29-09-2022,ISHARES $ TIPS UCITS ETF,IE00B1FZSC47,"Vente 14 ISHARES $ TIPS UCITS ETF@228,65 EUR (IE00B1FZSC47)",,EUR,"3201,10",EUR,"11324,20",a3cc1b24-437f-4b7f-a5f3-7d32c1777b56
29-09-2022,17:02,29-09-2022,ISHARES $ TIPS UCITS ETF,IE00B1FZSC47,Frais DEGIRO de courtage et/ou de parties tierces,,EUR,"-1,00",EUR,"8123,10",d340d5a0-e991-40b5-8b68-5660790dc4fc
29-09-2022,17:02,29-09-2022,ISHARES $ TIPS UCITS ETF,IE00B1FZSC47,"Vente 21 ISHARES $ TIPS UCITS ETF@228,51 EUR (IE00B1FZSC47)",,EUR,"4798,71",EUR,"8124,10",d340d5a0-e991-40b5-8b68-5660790dc4fc
27-09-2022,10:18,26-09-2022,,,"Virement depuis votre Compte Espèces à la flatexDEGIRO Bank: 498,57 EUR",,,,EUR,"3325,39",
27-09-2022,10:18,26-09-2022,FLATEX EURO BANKACCOUNT,NLFLATEXACNT,Degiro Cash Sweep Transfer,,EUR,"498,57",EUR,"3823,96",
26-09-2022,15:38,26-09-2022,ISH DM PPTY YLD,IE00BFM6T921,Operation de change - Crédit,"0,9643",USD,"479,80",USD,"0,00",eff8446c-866f-44ff-89cb-b78aec84b814
26-09-2022,15:38,26-09-2022,ISH DM PPTY YLD,IE00BFM6T921,Opération de change - Débit,,EUR,"-497,57",EUR,"3325,39",eff8446c-866f-44ff-89cb-b78aec84b814
26-09-2022,15:38,26-09-2022,ISH DM PPTY YLD,IE00BFM6T921,Frais DEGIRO de courtage et/ou de parties tierces,,EUR,"-1,00",EUR,"3822,96",eff8446c-866f-44ff-89cb-b78aec84b814
26-09-2022,15:38,26-09-2022,ISH DM PPTY YLD,IE00BFM6T921,"Achat 100 ISH DM PPTY YLD@4,798 USD (IE00BFM6T921)",,USD,"-479,80",USD,"-479,80",eff8446c-866f-44ff-89cb-b78aec84b814
02-07-2022,22:41,30-06-2022,,,Flatex Interest,,EUR,"-4,79",EUR,"3823,96",
02-04-2022,07:00,31-03-2022,,,Flatex Interest,,EUR,"-5,23",EUR,"3828,75",
02-03-2022,17:47,02-03-2022,,,Virement depuis votre Compte Espèces à la flatexDEGIRO Bank: 518 EUR,,,,EUR,"3833,98",
02-03-2022,17:47,02-03-2022,FLATEX EURO BANKACCOUNT,NLFLATEXACNT,Degiro Cash Sweep Transfer,,EUR,"518,00",EUR,"4351,98",
02-03-2022,10:43,02-03-2022,LYXORCOMMTHREUTERS/CORECOMMCRBEXENERG...,LU1829218582,Frais DEGIRO de courtage et/ou de parties tierces,,EUR,"-0,50",EUR,"3833,98",c212f4fd-956e-4bed-ad55-6745cc6bb85d
02-03-2022,10:43,02-03-2022,LYXORCOMMTHREUTERS/CORECOMMCRBEXENERG...,LU1829218582,"Achat 20 LyxorCommThReuters/CoreCommCRBExEnergyTRUCITSETFA@25,875 EUR (LU1829218582)",,EUR,"-517,50",EUR,"3834,48",c212f4fd-956e-4bed-ad55-6745cc6bb85d
04-02-2022,10:15,03-02-2022,,,"Virement depuis votre Compte Espèces à la flatexDEGIRO Bank: 7,5 EUR",,,,EUR,"4351,98",
04-02-2022,10:15,03-02-2022,FLATEX EURO BANKACCOUNT,NLFLATEXACNT,Degiro Cash Sweep Transfer,,EUR,"7,50",EUR,"4359,48",
03-02-2022,10:06,31-01-2022,,,Frais de connexion aux places boursières 2022 (Borsa Italiana S.p.A. - MIL),,EUR,"-2,50",EUR,"4351,98",
03-02-2022,10:06,31-01-2022,,,Frais de connexion aux places boursières 2022 (London Stock Exchange (LSE) - LSE),,EUR,"-2,50",EUR,"4354,48",
03-02-2022,10:06,31-01-2022,,,Frais de connexion aux places boursières 2022 (Xetra - XET),,EUR,"-2,50",EUR,"4356,98",
31-12-2021,04:30,31-12-2021,,,Flatex Interest,,EUR,"-0,67",EUR,"4359,48",
29-12-2021,16:31,29-12-2021,,,"Virement depuis votre Compte Espèces à la flatexDEGIRO Bank: 583,42 EUR",,,,EUR,"4360,15",
29-12-2021,16:31,29-12-2021,FLATEX EURO BANKACCOUNT,NLFLATEXACNT,Degiro Cash Sweep Transfer,,EUR,"583,42",EUR,"4943,57",
29-12-2021,09:00,29-12-2021,ISH DM PPTY YLD,IE00BFM6T921,Operation de change - Crédit,"1,1271",USD,"657,00",USD,"0,00",d502e484-0123-4c7e-95c7-ad27542bd89a
29-12-2021,09:00,29-12-2021,ISH DM PPTY YLD,IE00BFM6T921,Opération de change - Débit,,EUR,"-582,92",EUR,"4360,15",d502e484-0123-4c7e-95c7-ad27542bd89a
29-12-2021,09:00,29-12-2021,ISH DM PPTY YLD,IE00BFM6T921,Frais DEGIRO de courtage et/ou de parties tierces,,EUR,"-0,50",EUR,"4943,07",d502e484-0123-4c7e-95c7-ad27542bd89a
29-12-2021,09:00,29-12-2021,ISH DM PPTY YLD,IE00BFM6T921,"Achat 100 ISH DM PPTY YLD@6,57 USD (IE00BFM6T921)",,USD,"-657,00",USD,"-657,00",d502e484-0123-4c7e-95c7-ad27542bd89a
24-12-2021,09:46,23-12-2021,,,"Virement depuis votre Compte Espèces à la flatexDEGIRO Bank: 0,14 EUR",,,,EUR,"4943,57",
24-12-2021,09:46,23-12-2021,FLATEX EURO BANKACCOUNT,NLFLATEXACNT,Degiro Cash Sweep Transfer,,EUR,"0,14",EUR,"4943,71",
23-12-2021,17:31,23-12-2021,MORGAN STANLEY EUR LIQUIDITY FUND,LU1959429272,"Conversion Fonds Monétaires finalisée: Achat 0,000014 @ 9 842,1525 EUR",,,,EUR,"4943,57",
22-12-2021,13:17,21-12-2021,,,"Virement vers votre Compte Espèces à la flatexDEGIRO Bank: 4 943,71 EUR",,,,EUR,"4943,71",
22-12-2021,13:17,21-12-2021,FLATEX EURO BANKACCOUNT,NLFLATEXACNT,Degiro Cash Sweep Transfer,,EUR,"-4943,71",EUR,"0,00",
21-12-2021,16:11,21-12-2021,MORGAN STANLEY EUR LIQUIDITY FUND,LU1959429272,"Conversion Fonds Monétaires finalisée: Vente 0,002277 @ 9 842,6007 EUR",,,,EUR,"4943,71",
21-12-2021,16:11,21-12-2021,MORGAN STANLEY EUR LIQUIDITY FUND,LU1959429272,"Conversion Fonds Monétaires finalisée: Vente 0,5 @ 9 842,6007 EUR",,,,EUR,"4921,30",
20-12-2021,00:00,19-12-2021,MORGAN STANLEY EUR LIQUIDITY FUND,LU1959429272,Variation Fonds Monétaires (EUR),,EUR,"-0,28",EUR,"4921,45",
17-12-2021,00:00,16-12-2021,MORGAN STANLEY EUR LIQUIDITY FUND,LU1959429272,Variation Fonds Monétaires (EUR),,EUR,"-0,12",EUR,"4921,73",
16-12-2021,00:00,15-12-2021,MORGAN STANLEY EUR LIQUIDITY FUND,LU1959429272,Variation Fonds Monétaires (EUR),,EUR,"-0,10",EUR,"4921,85",
15-12-2021,00:00,14-12-2021,MORGAN STANLEY EUR LIQUIDITY FUND,LU1959429272,Variation Fonds Monétaires (EUR),,EUR,"-0,10",EUR,"4921,95",
14-12-2021,00:00,13-12-2021,MORGAN STANLEY EUR LIQUIDITY FUND,LU1959429272,Variation Fonds Monétaires (EUR),,EUR,"-0,16",EUR,"4922,04",
13-12-2021,00:00,12-12-2021,MORGAN STANLEY EUR LIQUIDITY FUND,LU1959429272,Variation Fonds Monétaires (EUR),,EUR,"-0,28",EUR,"4922,21",
10-12-2021,00:00,09-12-2021,MORGAN STANLEY EUR LIQUIDITY FUND,LU1959429272,Variation Fonds Monétaires (EUR),,EUR,"-0,12",EUR,"4922,48",
09-12-2021,00:00,08-12-2021,MORGAN STANLEY EUR LIQUIDITY FUND,LU1959429272,Variation Fonds Monétaires (EUR),,EUR,"-0,10",EUR,"4922,60",
08-12-2021,00:00,07-12-2021,MORGAN STANLEY EUR LIQUIDITY FUND,LU1959429272,Variation Fonds Monétaires (EUR),,EUR,"-0,06",EUR,"4922,69",
07-12-2021,00:00,06-12-2021,MORGAN STANLEY EUR LIQUIDITY FUND,LU1959429272,Variation Fonds Monétaires (EUR),,EUR,"-0,14",EUR,"4922,75",
06-12-2021,00:00,05-12-2021,MORGAN STANLEY EUR LIQUIDITY FUND,LU1959429272,Variation Fonds Monétaires (EUR),,EUR,"-0,26",EUR,"4922,89",
03-12-2021,00:00,02-12-2021,MORGAN STANLEY EUR LIQUIDITY FUND,LU1959429272,Variation Fonds Monétaires (EUR),,EUR,"-0,12",EUR,"4923,15",
02-12-2021,00:00,01-12-2021,MORGAN STANLEY EUR LIQUIDITY FUND,LU1959429272,Variation Fonds Monétaires (EUR),,EUR,"-0,06",EUR,"4923,27",
01-12-2021,00:00,30-11-2021,MORGAN STANLEY EUR LIQUIDITY FUND,LU1959429272,Variation Fonds Monétaires (EUR),,EUR,"-0,08",EUR,"4923,33",
30-11-2021,00:00,29-11-2021,MORGAN STANLEY EUR LIQUIDITY FUND,LU1959429272,Variation Fonds Monétaires (EUR),,EUR,"-0,10",EUR,"4923,42",
29-11-2021,00:00,28-11-2021,MORGAN STANLEY EUR LIQUIDITY FUND,LU1959429272,Variation Fonds Monétaires (EUR),,EUR,"-0,24",EUR,"4923,52",
26-11-2021,00:00,25-11-2021,MORGAN STANLEY EUR LIQUIDITY FUND,LU1959429272,Variation Fonds Monétaires (EUR),,EUR,"-0,10",EUR,"4923,76",
25-11-2021,00:00,24-11-2021,MORGAN STANLEY EUR LIQUIDITY FUND,LU1959429272,Variation Fonds Monétaires (EUR),,EUR,"-0,08",EUR,"4923,86",
24-11-2021,00:00,23-11-2021,MORGAN STANLEY EUR LIQUIDITY FUND,LU1959429272,Variation Fonds Monétaires (EUR),,EUR,"-0,10",EUR,"4923,94",
23-11-2021,00:00,22-11-2021,MORGAN STANLEY EUR LIQUIDITY FUND,LU1959429272,Variation Fonds Monétaires (EUR),,EUR,"-0,10",EUR,"4924,04",
22-11-2021,00:00,21-11-2021,MORGAN STANLEY EUR LIQUIDITY FUND,LU1959429272,Variation Fonds Monétaires (EUR),,EUR,"-0,22",EUR,"4924,15",
19-11-2021,00:00,18-11-2021,MORGAN STANLEY EUR LIQUIDITY FUND,LU1959429272,Variation Fonds Monétaires (EUR),,EUR,"-0,16",EUR,"4924,37",
18-11-2021,00:00,17-11-2021,MORGAN STANLEY EUR LIQUIDITY FUND,LU1959429272,Variation Fonds Monétaires (EUR),,EUR,"-0,13",EUR,"4924,52",
17-11-2021,00:00,16-11-2021,MORGAN STANLEY EUR LIQUIDITY FUND,LU1959429272,Variation Fonds Monétaires (EUR),,EUR,"-0,16",EUR,"4924,65",
15-11-2021,00:00,14-11-2021,MORGAN STANLEY EUR LIQUIDITY FUND,LU1959429272,Variation Fonds Monétaires (EUR),,EUR,"-0,22",EUR,"4924,81",
12-11-2021,00:00,11-11-2021,MORGAN STANLEY EUR LIQUIDITY FUND,LU1959429272,Variation Fonds Monétaires (EUR),,EUR,"-0,08",EUR,"4925,03",
11-11-2021,00:00,10-11-2021,MORGAN STANLEY EUR LIQUIDITY FUND,LU1959429272,Variation Fonds Monétaires (EUR),,EUR,"-0,04",EUR,"4925,11",
10-11-2021,00:00,09-11-2021,MORGAN STANLEY EUR LIQUIDITY FUND,LU1959429272,Variation Fonds Monétaires (EUR),,EUR,"-0,11",EUR,"4925,16",
09-11-2021,00:00,08-11-2021,MORGAN STANLEY EUR LIQUIDITY FUND,LU1959429272,Variation Fonds Monétaires (EUR),,EUR,"-0,11",EUR,"4925,27",
08-11-2021,00:00,07-11-2021,MORGAN STANLEY EUR LIQUIDITY FUND,LU1959429272,Variation Fonds Monétaires (EUR),,EUR,"-0,24",EUR,"4925,38",
05-11-2021,00:00,04-11-2021,MORGAN STANLEY EUR LIQUIDITY FUND,LU1959429272,Variation Fonds Monétaires (EUR),,EUR,"-0,10",EUR,"4925,62",
04-11-2021,00:00,03-11-2021,MORGAN STANLEY EUR LIQUIDITY FUND,LU1959429272,Variation Fonds Monétaires (EUR),,EUR,"-0,08",EUR,"4925,72",
03-11-2021,00:00,02-11-2021,MORGAN STANLEY EUR LIQUIDITY FUND,LU1959429272,Variation Fonds Monétaires (EUR),,EUR,"-0,10",EUR,"4925,81",
02-11-2021,00:00,01-11-2021,MORGAN STANLEY EUR LIQUIDITY FUND,LU1959429272,Variation Fonds Monétaires (EUR),,EUR,"-0,16",EUR,"4925,91",
01-11-2021,00:00,31-10-2021,MORGAN STANLEY EUR LIQUIDITY FUND,LU1959429272,Variation Fonds Monétaires (EUR),,EUR,"-0,22",EUR,"4926,07",
29-10-2021,00:00,28-10-2021,MORGAN STANLEY EUR LIQUIDITY FUND,LU1959429272,Variation Fonds Monétaires (EUR),,EUR,"-0,12",EUR,"4926,29",
28-10-2021,16:02,28-10-2021,MORGAN STANLEY EUR LIQUIDITY FUND,LU1959429272,"Conversion Fonds Monétaires finalisée: Achat 0,004482 @ 9 852,7954 EUR",,,,EUR,"4926,40",
28-10-2021,16:02,28-10-2021,MORGAN STANLEY EUR LIQUIDITY FUND,LU1959429272,"Conversion Fonds Monétaires finalisée: Achat 0,3 @ 9 852,7954 EUR",,,,EUR,"4970,56",
28-10-2021,00:00,27-10-2021,MORGAN STANLEY EUR LIQUIDITY FUND,LU1959429272,Variation Fonds Monétaires (EUR),,EUR,"-0,03",EUR,"4970,56",
27-10-2021,09:15,19-10-2021,,,Versement de fonds,,EUR,"3000,00",EUR,"4970,59",
27-10-2021,00:00,26-10-2021,MORGAN STANLEY EUR LIQUIDITY FUND,LU1959429272,Variation Fonds Monétaires (EUR),,EUR,"-0,03",EUR,"1970,59",
26-10-2021,00:00,25-10-2021,MORGAN STANLEY EUR LIQUIDITY FUND,LU1959429272,Variation Fonds Monétaires (EUR),,EUR,"-0,05",EUR,"1970,62",
25-10-2021,00:00,24-10-2021,MORGAN STANLEY EUR LIQUIDITY FUND,LU1959429272,Variation Fonds Monétaires (EUR),,EUR,"-0,09",EUR,"1970,67",
22-10-2021,00:00,21-10-2021,MORGAN STANLEY EUR LIQUIDITY FUND,LU1959429272,Variation Fonds Monétaires (EUR),,EUR,"-0,03",EUR,"1970,76",
21-10-2021,00:00,20-10-2021,MORGAN STANLEY EUR LIQUIDITY FUND,LU1959429272,Variation Fonds Monétaires (EUR),,EUR,"-0,03",EUR,"1970,78",
20-10-2021,00:00,19-10-2021,MORGAN STANLEY EUR LIQUIDITY FUND,LU1959429272,Variation Fonds Monétaires (EUR),,EUR,"-0,04",EUR,"1970,82",
19-10-2021,00:00,18-10-2021,MORGAN STANLEY EUR LIQUIDITY FUND,LU1959429272,Variation Fonds Monétaires (EUR),,EUR,"-0,05",EUR,"1970,85",
18-10-2021,00:00,17-10-2021,MORGAN STANLEY EUR LIQUIDITY FUND,LU1959429272,Variation Fonds Monétaires (EUR),,EUR,"-0,08",EUR,"1970,90",
15-10-2021,00:00,14-10-2021,MORGAN STANLEY EUR LIQUIDITY FUND,LU1959429272,Variation Fonds Monétaires (EUR),,EUR,"-0,05",EUR,"1970,99",
14-10-2021,00:00,13-10-2021,MORGAN STANLEY EUR LIQUIDITY FUND,LU1959429272,Variation Fonds Monétaires (EUR),,EUR,"-0,03",EUR,"1971,03",
13-10-2021,00:00,12-10-2021,MORGAN STANLEY EUR LIQUIDITY FUND,LU1959429272,Variation Fonds Monétaires (EUR),,EUR,"-0,03",EUR,"1971,07",
12-10-2021,00:00,11-10-2021,MORGAN STANLEY EUR LIQUIDITY FUND,LU1959429272,Variation Fonds Monétaires (EUR),,EUR,"-0,06",EUR,"1971,09",
11-10-2021,00:00,10-10-2021,MORGAN STANLEY EUR LIQUIDITY FUND,LU1959429272,Variation Fonds Monétaires (EUR),,EUR,"-0,08",EUR,"1971,15",
08-10-2021,00:00,07-10-2021,MORGAN STANLEY EUR LIQUIDITY FUND,LU1959429272,Variation Fonds Monétaires (EUR),,EUR,"-0,05",EUR,"1971,23",
07-10-2021,00:00,06-10-2021,MORGAN STANLEY EUR LIQUIDITY FUND,LU1959429272,Variation Fonds Monétaires (EUR),,EUR,"-0,04",EUR,"1971,28",
06-10-2021,00:00,05-10-2021,MORGAN STANLEY EUR LIQUIDITY FUND,LU1959429272,Variation Fonds Monétaires (EUR),,EUR,"-0,03",EUR,"1971,32",
05-10-2021,00:00,04-10-2021,MORGAN STANLEY EUR LIQUIDITY FUND,LU1959429272,Variation Fonds Monétaires (EUR),,EUR,"-0,05",EUR,"1971,35",
04-10-2021,00:00,03-10-2021,MORGAN STANLEY EUR LIQUIDITY FUND,LU1959429272,Variation Fonds Monétaires (EUR),,EUR,"-0,10",EUR,"1971,40",
01-10-2021,00:00,30-09-2021,MORGAN STANLEY EUR LIQUIDITY FUND,LU1959429272,Variation Fonds Monétaires (EUR),,EUR,"-0,04",EUR,"1971,49",
30-09-2021,00:00,29-09-2021,MORGAN STANLEY EUR LIQUIDITY FUND,LU1959429272,Variation Fonds Monétaires (EUR),,EUR,"-0,02",EUR,"1971,53",
29-09-2021,00:00,28-09-2021,MORGAN STANLEY EUR LIQUIDITY FUND,LU1959429272,Variation Fonds Monétaires (EUR),,EUR,"-0,04",EUR,"1971,55",
28-09-2021,00:00,27-09-2021,MORGAN STANLEY EUR LIQUIDITY FUND,LU1959429272,Variation Fonds Monétaires (EUR),,EUR,"-0,05",EUR,"1971,59",
27-09-2021,00:00,26-09-2021,MORGAN STANLEY EUR LIQUIDITY FUND,LU1959429272,Variation Fonds Monétaires (EUR),,EUR,"-0,08",EUR,"1971,64",
24-09-2021,00:00,23-09-2021,MORGAN STANLEY EUR LIQUIDITY FUND,LU1959429272,Variation Fonds Monétaires (EUR),,EUR,"-0,04",EUR,"1971,72",
23-09-2021,00:00,22-09-2021,MORGAN STANLEY EUR LIQUIDITY FUND,LU1959429272,Variation Fonds Monétaires (EUR),,EUR,"-0,03",EUR,"1971,76",
22-09-2021,00:00,21-09-2021,MORGAN STANLEY EUR LIQUIDITY FUND,LU1959429272,Variation Fonds Monétaires (EUR),,EUR,"-0,03",EUR,"1971,80",
21-09-2021,00:00,20-09-2021,MORGAN STANLEY EUR LIQUIDITY FUND,LU1959429272,Variation Fonds Monétaires (EUR),,EUR,"-0,06",EUR,"1971,83",
20-09-2021,00:00,19-09-2021,MORGAN STANLEY EUR LIQUIDITY FUND,LU1959429272,Variation Fonds Monétaires (EUR),,EUR,"-0,07",EUR,"1971,88",
17-09-2021,00:00,16-09-2021,MORGAN STANLEY EUR LIQUIDITY FUND,LU1959429272,Variation Fonds Monétaires (EUR),,EUR,"-0,04",EUR,"1971,96",
16-09-2021,00:00,15-09-2021,MORGAN STANLEY EUR LIQUIDITY FUND,LU1959429272,Variation Fonds Monétaires (EUR),,EUR,"-0,03",EUR,"1972,00",
15-09-2021,00:00,14-09-2021,MORGAN STANLEY EUR LIQUIDITY FUND,LU1959429272,Variation Fonds Monétaires (EUR),,EUR,"-0,04",EUR,"1972,03",
14-09-2021,00:00,13-09-2021,MORGAN STANLEY EUR LIQUIDITY FUND,LU1959429272,Variation Fonds Monétaires (EUR),,EUR,"-0,05",EUR,"1972,07",
13-09-2021,00:00,12-09-2021,MORGAN STANLEY EUR LIQUIDITY FUND,LU1959429272,Variation Fonds Monétaires (EUR),,EUR,"-0,07",EUR,"1972,12",
10-09-2021,00:00,09-09-2021,MORGAN STANLEY EUR LIQUIDITY FUND,LU1959429272,Variation Fonds Monétaires (EUR),,EUR,"-0,04",EUR,"1972,19",
09-09-2021,00:00,08-09-2021,MORGAN STANLEY EUR LIQUIDITY FUND,LU1959429272,Variation Fonds Monétaires (EUR),,EUR,"-0,03",EUR,"1972,23",
08-09-2021,00:00,07-09-2021,MORGAN STANLEY EUR LIQUIDITY FUND,LU1959429272,Variation Fonds Monétaires (EUR),,EUR,"-0,04",EUR,"1972,27",
07-09-2021,00:00,06-09-2021,MORGAN STANLEY EUR LIQUIDITY FUND,LU1959429272,Variation Fonds Monétaires (EUR),,EUR,"-0,05",EUR,"1972,30",
06-09-2021,00:00,05-09-2021,MORGAN STANLEY EUR LIQUIDITY FUND,LU1959429272,Variation Fonds Monétaires (EUR),,EUR,"-0,09",EUR,"1972,35",
03-09-2021,00:00,02-09-2021,MORGAN STANLEY EUR LIQUIDITY FUND,LU1959429272,Variation Fonds Monétaires (EUR),,EUR,"-0,04",EUR,"1972,44",
02-09-2021,00:00,01-09-2021,MORGAN STANLEY EUR LIQUIDITY FUND,LU1959429272,Variation Fonds Monétaires (EUR),,EUR,"-0,04",EUR,"1972,49",
01-09-2021,00:00,31-08-2021,MORGAN STANLEY EUR LIQUIDITY FUND,LU1959429272,Variation Fonds Monétaires (EUR),,EUR,"-0,03",EUR,"1972,53",
31-08-2021,00:00,30-08-2021,MORGAN STANLEY EUR LIQUIDITY FUND,LU1959429272,Variation Fonds Monétaires (EUR),,EUR,"-0,05",EUR,"1972,56",
30-08-2021,00:00,29-08-2021,MORGAN STANLEY EUR LIQUIDITY FUND,LU1959429272,Variation Fonds Monétaires (EUR),,EUR,"-0,09",EUR,"1972,60",
27-08-2021,00:00,26-08-2021,MORGAN STANLEY EUR LIQUIDITY FUND,LU1959429272,Variation Fonds Monétaires (EUR),,EUR,"-0,04",EUR,"1972,70",
26-08-2021,15:58,26-08-2021,MORGAN STANLEY EUR LIQUIDITY FUND,LU1959429272,"Conversion Fonds Monétaires finalisée: Vente 0,000001 @ 9 863,6569 EUR",,,,EUR,"1972,73",
26-08-2021,00:00,25-08-2021,MORGAN STANLEY EUR LIQUIDITY FUND,LU1959429272,Variation Fonds Monétaires (EUR),,EUR,"-0,03",EUR,"1972,72",
25-08-2021,13:57,25-08-2021,MORGAN STANLEY EUR LIQUIDITY FUND,LU1959429272,"Conversion Fonds Monétaires finalisée: Vente 0,00701 @ 9 863,825 EUR",,,,EUR,"1972,76",
25-08-2021,13:57,25-08-2021,MORGAN STANLEY EUR LIQUIDITY FUND,LU1959429272,"Conversion Fonds Monétaires finalisée: Vente 0,88 @ 9 863,825 EUR",,,,EUR,"1903,61",
25-08-2021,00:00,24-08-2021,MORGAN STANLEY EUR LIQUIDITY FUND,LU1959429272,Variation Fonds Monétaires (EUR),,EUR,"-0,23",EUR,"1903,61",
24-08-2021,15:28,24-08-2021,AMUNDI PHYS GOLD,FR0013416716,Frais DEGIRO de courtage et/ou de parties tierces,,EUR,"-0,61",EUR,"1903,84",5cb39c2e-0f2f-4cfe-b13d-61e5fbf40891
24-08-2021,15:28,24-08-2021,AMUNDI PHYS GOLD,FR0013416716,Frais DEGIRO de courtage et/ou de parties tierces,,EUR,"-2,00",EUR,"1904,45",5cb39c2e-0f2f-4cfe-b13d-61e5fbf40891
24-08-2021,15:28,24-08-2021,AMUNDI PHYS GOLD,FR0013416716,"Achat 50 AMUNDI PHYS GOLD@61,335 EUR (FR0013416716)",,EUR,"-3066,75",EUR,"1906,45",5cb39c2e-0f2f-4cfe-b13d-61e5fbf40891
24-08-2021,15:09,24-08-2021,ISHARES $ TIPS UCITS ETF,IE00B1FZSC47,Frais DEGIRO de courtage et/ou de parties tierces,,EUR,"-0,86",EUR,"4973,20",3d609e40-5614-4027-abec-2095a28f711c
24-08-2021,15:09,24-08-2021,ISHARES $ TIPS UCITS ETF,IE00B1FZSC47,Frais DEGIRO de courtage et/ou de parties tierces,,EUR,"-2,00",EUR,"4974,06",3d609e40-5614-4027-abec-2095a28f711c
24-08-2021,15:09,24-08-2021,ISHARES $ TIPS UCITS ETF,IE00B1FZSC47,"Achat 20 ISHARES $ TIPS UCITS ETF@215,97 EUR (IE00B1FZSC47)",,EUR,"-4319,40",EUR,"4976,06",3d609e40-5614-4027-abec-2095a28f711c
24-08-2021,15:06,24-08-2021,ISH DM PPTY YLD,IE00BFM6T921,Operation de change - Crédit,"1,1740",USD,"369,23",USD,"0,00",909cfb28-14a8-4492-b063-df38a74d2dbf
24-08-2021,15:06,24-08-2021,ISH DM PPTY YLD,IE00BFM6T921,Opération de change - Débit,,EUR,"-314,50",EUR,"9295,46",909cfb28-14a8-4492-b063-df38a74d2dbf
24-08-2021,15:06,24-08-2021,ISH DM PPTY YLD,IE00BFM6T921,Frais DEGIRO de courtage et/ou de parties tierces,,EUR,"-0,06",EUR,"9609,96",909cfb28-14a8-4492-b063-df38a74d2dbf
24-08-2021,15:06,24-08-2021,ISH DM PPTY YLD,IE00BFM6T921,Operation de change - Crédit,"1,1740",USD,"1222,08",USD,"-369,23",909cfb28-14a8-4492-b063-df38a74d2dbf
24-08-2021,15:06,24-08-2021,ISH DM PPTY YLD,IE00BFM6T921,Opération de change - Débit,,EUR,"-1040,93",EUR,"9610,02",909cfb28-14a8-4492-b063-df38a74d2dbf
24-08-2021,15:06,24-08-2021,ISH DM PPTY YLD,IE00BFM6T921,Frais DEGIRO de courtage et/ou de parties tierces,,EUR,"-0,21",EUR,"10650,95",909cfb28-14a8-4492-b063-df38a74d2dbf
24-08-2021,15:06,24-08-2021,ISH DM PPTY YLD,IE00BFM6T921,Frais DEGIRO de courtage et/ou de parties tierces,,EUR,"-2,00",EUR,"10651,16",909cfb28-14a8-4492-b063-df38a74d2dbf
24-08-2021,15:06,24-08-2021,ISH DM PPTY YLD,IE00BFM6T921,"Achat 58 ISH DM PPTY YLD@6,366 USD (IE00BFM6T921)",,USD,"-369,23",USD,"-1591,31",909cfb28-14a8-4492-b063-df38a74d2dbf
24-08-2021,15:06,24-08-2021,ISH DM PPTY YLD,IE00BFM6T921,"Achat 192 ISH DM PPTY YLD@6,365 USD (IE00BFM6T921)",,USD,"-1222,08",USD,"-1222,08",909cfb28-14a8-4492-b063-df38a74d2dbf
24-08-2021,00:00,23-08-2021,MORGAN STANLEY EUR LIQUIDITY FUND,LU1959429272,Variation Fonds Monétaires (EUR),,EUR,"-0,24",EUR,"10653,16",
23-08-2021,00:00,22-08-2021,MORGAN STANLEY EUR LIQUIDITY FUND,LU1959429272,Variation Fonds Monétaires (EUR),,EUR,"-0,45",EUR,"10653,40",
20-08-2021,00:00,19-08-2021,MORGAN STANLEY EUR LIQUIDITY FUND,LU1959429272,Variation Fonds Monétaires (EUR),,EUR,"-0,21",EUR,"10653,85",
19-08-2021,00:00,18-08-2021,MORGAN STANLEY EUR LIQUIDITY FUND,LU1959429272,Variation Fonds Monétaires (EUR),,EUR,"-0,19",EUR,"10654,06",
18-08-2021,00:00,17-08-2021,MORGAN STANLEY EUR LIQUIDITY FUND,LU1959429272,Variation Fonds Monétaires (EUR),,EUR,"-0,19",EUR,"10654,25",
17-08-2021,00:00,16-08-2021,MORGAN STANLEY EUR LIQUIDITY FUND,LU1959429272,Variation Fonds Monétaires (EUR),,EUR,"-0,24",EUR,"10654,45",
16-08-2021,00:00,15-08-2021,MORGAN STANLEY EUR LIQUIDITY FUND,LU1959429272,Variation Fonds Monétaires (EUR),,EUR,"-0,44",EUR,"10654,68",
13-08-2021,00:00,12-08-2021,MORGAN STANLEY EUR LIQUIDITY FUND,LU1959429272,Variation Fonds Monétaires (EUR),,EUR,"-0,18",EUR,"10655,13",
12-08-2021,00:00,11-08-2021,MORGAN STANLEY EUR LIQUIDITY FUND,LU1959429272,Variation Fonds Monétaires (EUR),,EUR,"-0,15",EUR,"10655,31",
11-08-2021,00:00,10-08-2021,MORGAN STANLEY EUR LIQUIDITY FUND,LU1959429272,Variation Fonds Monétaires (EUR),,EUR,"-0,21",EUR,"10655,46",
10-08-2021,00:00,09-08-2021,MORGAN STANLEY EUR LIQUIDITY FUND,LU1959429272,Variation Fonds Monétaires (EUR),,EUR,"-0,23",EUR,"10655,67",
09-08-2021,00:00,08-08-2021,MORGAN STANLEY EUR LIQUIDITY FUND,LU1959429272,Variation Fonds Monétaires (EUR),,EUR,"-0,49",EUR,"10655,89",
06-08-2021,00:00,05-08-2021,MORGAN STANLEY EUR LIQUIDITY FUND,LU1959429272,Variation Fonds Monétaires (EUR),,EUR,"-0,21",EUR,"10656,38",
05-08-2021,00:00,04-08-2021,MORGAN STANLEY EUR LIQUIDITY FUND,LU1959429272,Variation Fonds Monétaires (EUR),,EUR,"-0,23",EUR,"10656,59",
04-08-2021,00:00,03-08-2021,MORGAN STANLEY EUR LIQUIDITY FUND,LU1959429272,Variation Fonds Monétaires (EUR),,EUR,"-0,21",EUR,"10656,81",
03-08-2021,00:00,02-08-2021,MORGAN STANLEY EUR LIQUIDITY FUND,LU1959429272,Variation Fonds Monétaires (EUR),,EUR,"-0,26",EUR,"10657,02",
02-08-2021,00:00,01-08-2021,MORGAN STANLEY EUR LIQUIDITY FUND,LU1959429272,Variation Fonds Monétaires (EUR),,EUR,"-0,40",EUR,"10657,28",
30-07-2021,00:00,29-07-2021,MORGAN STANLEY EUR LIQUIDITY FUND,LU1959429272,Variation Fonds Monétaires (EUR),,EUR,"-0,23",EUR,"10657,68",
29-07-2021,00:00,28-07-2021,MORGAN STANLEY EUR LIQUIDITY FUND,LU1959429272,Variation Fonds Monétaires (EUR),,EUR,"-0,21",EUR,"10657,90",
28-07-2021,00:00,27-07-2021,MORGAN STANLEY EUR LIQUIDITY FUND,LU1959429272,Variation Fonds Monétaires (EUR),,EUR,"-0,15",EUR,"10658,11",
27-07-2021,00:00,26-07-2021,MORGAN STANLEY EUR LIQUIDITY FUND,LU1959429272,Variation Fonds Monétaires (EUR),,EUR,"-0,23",EUR,"10658,26",
26-07-2021,00:00,25-07-2021,MORGAN STANLEY EUR LIQUIDITY FUND,LU1959429272,Variation Fonds Monétaires (EUR),,EUR,"-0,50",EUR,"10658,49",
23-07-2021,00:00,22-07-2021,MORGAN STANLEY EUR LIQUIDITY FUND,LU1959429272,Variation Fonds Monétaires (EUR),,EUR,"-0,23",EUR,"10658,98",
22-07-2021,00:00,21-07-2021,MORGAN STANLEY EUR LIQUIDITY FUND,LU1959429272,Variation Fonds Monétaires (EUR),,EUR,"-0,16",EUR,"10659,21",
21-07-2021,00:00,20-07-2021,MORGAN STANLEY EUR LIQUIDITY FUND,LU1959429272,Variation Fonds Monétaires (EUR),,EUR,"-0,17",EUR,"10659,37",
20-07-2021,00:00,19-07-2021,MORGAN STANLEY EUR LIQUIDITY FUND,LU1959429272,Variation Fonds Monétaires (EUR),,EUR,"-0,25",EUR,"10659,54",
19-07-2021,00:00,18-07-2021,MORGAN STANLEY EUR LIQUIDITY FUND,LU1959429272,Variation Fonds Monétaires (EUR),,EUR,"-0,28",EUR,"10659,79",
16-07-2021,00:00,15-07-2021,MORGAN STANLEY EUR LIQUIDITY FUND,LU1959429272,Variation Fonds Monétaires (EUR),,EUR,"-0,18",EUR,"10660,07",
15-07-2021,00:00,14-07-2021,MORGAN STANLEY EUR LIQUIDITY FUND,LU1959429272,Variation Fonds Monétaires (EUR),,EUR,"-0,18",EUR,"10660,26",
14-07-2021,00:00,13-07-2021,MORGAN STANLEY EUR LIQUIDITY FUND,LU1959429272,Variation Fonds Monétaires (EUR),,EUR,"-0,26",EUR,"10660,44",
13-07-2021,00:00,12-07-2021,MORGAN STANLEY EUR LIQUIDITY FUND,LU1959429272,Variation Fonds Monétaires (EUR),,EUR,"-0,22",EUR,"10660,70",
12-07-2021,00:00,11-07-2021,MORGAN STANLEY EUR LIQUIDITY FUND,LU1959429272,Variation Fonds Monétaires (EUR),,EUR,"-0,46",EUR,"10660,92",
09-07-2021,00:00,08-07-2021,MORGAN STANLEY EUR LIQUIDITY FUND,LU1959429272,Variation Fonds Monétaires (EUR),,EUR,"-0,48",EUR,"10661,38",
08-07-2021,00:00,07-07-2021,MORGAN STANLEY EUR LIQUIDITY FUND,LU1959429272,Variation Fonds Monétaires (EUR),,EUR,"-0,15",EUR,"10661,86",
07-07-2021,00:00,06-07-2021,MORGAN STANLEY EUR LIQUIDITY FUND,LU1959429272,Variation Fonds Monétaires (EUR),,EUR,"-0,22",EUR,"10662,01",
06-07-2021,00:00,05-07-2021,MORGAN STANLEY EUR LIQUIDITY FUND,LU1959429272,Variation Fonds Monétaires (EUR),,EUR,"-0,25",EUR,"10662,22",
05-07-2021,00:00,04-07-2021,MORGAN STANLEY EUR LIQUIDITY FUND,LU1959429272,Variation Fonds Monétaires (EUR),,EUR,"-0,48",EUR,"10662,47",
02-07-2021,00:00,01-07-2021,MORGAN STANLEY EUR LIQUIDITY FUND,LU1959429272,Variation Fonds Monétaires (EUR),,EUR,"-0,21",EUR,"10662,95",
01-07-2021,00:00,30-06-2021,MORGAN STANLEY EUR LIQUIDITY FUND,LU1959429272,Variation Fonds Monétaires (EUR),,EUR,"-0,17",EUR,"10663,15",
30-06-2021,00:00,29-06-2021,MORGAN STANLEY EUR LIQUIDITY FUND,LU1959429272,Variation Fonds Monétaires (EUR),,EUR,"-0,15",EUR,"10663,32",
29-06-2021,00:00,28-06-2021,MORGAN STANLEY EUR LIQUIDITY FUND,LU1959429272,Variation Fonds Monétaires (EUR),,EUR,"-0,25",EUR,"10663,48",
28-06-2021,00:00,27-06-2021,MORGAN STANLEY EUR LIQUIDITY FUND,LU1959429272,Variation Fonds Monétaires (EUR),,EUR,"-0,44",EUR,"10663,72",
25-06-2021,00:00,24-06-2021,MORGAN STANLEY EUR LIQUIDITY FUND,LU1959429272,Variation Fonds Monétaires (EUR),,EUR,"-0,22",EUR,"10664,17",
24-06-2021,00:00,23-06-2021,MORGAN STANLEY EUR LIQUIDITY FUND,LU1959429272,Variation Fonds Monétaires (EUR),,EUR,"-0,17",EUR,"10664,38",
23-06-2021,00:00,22-06-2021,MORGAN STANLEY EUR LIQUIDITY FUND,LU1959429272,Variation Fonds Monétaires (EUR),,EUR,"-0,18",EUR,"10664,56",
22-06-2021,00:00,21-06-2021,MORGAN STANLEY EUR LIQUIDITY FUND,LU1959429272,Variation Fonds Monétaires (EUR),,EUR,"-0,28",EUR,"10664,74",
21-06-2021,00:00,20-06-2021,MORGAN STANLEY EUR LIQUIDITY FUND,LU1959429272,Variation Fonds Monétaires (EUR),,EUR,"-0,38",EUR,"10665,02",
18-06-2021,00:00,17-06-2021,MORGAN STANLEY EUR LIQUIDITY FUND,LU1959429272,Variation Fonds Monétaires (EUR),,EUR,"-0,24",EUR,"10665,40",
17-06-2021,00:00,16-06-2021,MORGAN STANLEY EUR LIQUIDITY FUND,LU1959429272,Variation Fonds Monétaires (EUR),,EUR,"-0,16",EUR,"10665,64",
16-06-2021,00:00,15-06-2021,MORGAN STANLEY EUR LIQUIDITY FUND,LU1959429272,Variation Fonds Monétaires (EUR),,EUR,"-0,19",EUR,"10665,80",
15-06-2021,15:41,15-06-2021,MORGAN STANLEY EUR LIQUIDITY FUND,LU1959429272,"Conversion Fonds Monétaires finalisée: Achat 0,005906 @ 9 875,9172 EUR",,,,EUR,"10665,99",
15-06-2021,15:41,15-06-2021,MORGAN STANLEY EUR LIQUIDITY FUND,LU1959429272,"Conversion Fonds Monétaires finalisée: Achat 0,47 @ 9 875,9172 EUR",,,,EUR,"10724,32",
15-06-2021,00:00,14-06-2021,MORGAN STANLEY EUR LIQUIDITY FUND,LU1959429272,Variation Fonds Monétaires (EUR),,EUR,"-0,16",EUR,"10724,32",
14-06-2021,11:28,14-06-2021,,,Versement de fonds,,EUR,"4700,00",EUR,"10724,48",
14-06-2021,00:00,13-06-2021,MORGAN STANLEY EUR LIQUIDITY FUND,LU1959429272,Variation Fonds Monétaires (EUR),,EUR,"-0,22",EUR,"6024,48",
11-06-2021,00:00,10-06-2021,MORGAN STANLEY EUR LIQUIDITY FUND,LU1959429272,Variation Fonds Monétaires (EUR),,EUR,"-0,15",EUR,"6024,70",
10-06-2021,00:00,09-06-2021,MORGAN STANLEY EUR LIQUIDITY FUND,LU1959429272,Variation Fonds Monétaires (EUR),,EUR,"-0,72",EUR,"6024,85",
09-06-2021,17:22,09-06-2021,MORGAN STANLEY EUR LIQUIDITY FUND,LU1959429272,"Conversion Fonds Monétaires finalisée: Achat 0,001485 @ 9 877,9794 EUR",,,,EUR,"6025,57",
09-06-2021,17:22,09-06-2021,MORGAN STANLEY EUR LIQUIDITY FUND,LU1959429272,"Conversion Fonds Monétaires finalisée: Achat 0,53 @ 9 877,9794 EUR",,,,EUR,"6040,24",
09-06-2021,00:00,08-06-2021,MORGAN STANLEY EUR LIQUIDITY FUND,LU1959429272,Variation Fonds Monétaires (EUR),,EUR,"0,07",EUR,"6040,24",
08-06-2021,09:27,07-06-2021,,,Versement de fonds,,EUR,"5250,00",EUR,"6040,17",
08-06-2021,00:00,07-06-2021,MORGAN STANLEY EUR LIQUIDITY FUND,LU1959429272,Variation Fonds Monétaires (EUR),,EUR,"-0,02",EUR,"790,17",
07-06-2021,00:00,06-06-2021,MORGAN STANLEY EUR LIQUIDITY FUND,LU1959429272,Variation Fonds Monétaires (EUR),,EUR,"-0,03",EUR,"790,19",
04-06-2021,00:00,03-06-2021,MORGAN STANLEY EUR LIQUIDITY FUND,LU1959429272,Variation Fonds Monétaires (EUR),,EUR,"-0,02",EUR,"790,23",
03-06-2021,00:00,02-06-2021,MORGAN STANLEY EUR LIQUIDITY FUND,LU1959429272,Variation Fonds Monétaires (EUR),,EUR,"-0,01",EUR,"790,24",
02-06-2021,00:00,01-06-2021,MORGAN STANLEY EUR LIQUIDITY FUND,LU1959429272,Variation Fonds Monétaires (EUR),,EUR,"-0,01",EUR,"790,25",
01-06-2021,00:00,31-05-2021,MORGAN STANLEY EUR LIQUIDITY FUND,LU1959429272,Variation Fonds Monétaires (EUR),,EUR,"-0,02",EUR,"790,27",
31-05-2021,00:00,30-05-2021,MORGAN STANLEY EUR LIQUIDITY FUND,LU1959429272,Variation Fonds Monétaires (EUR),,EUR,"-0,03",EUR,"790,28",
28-05-2021,00:00,27-05-2021,MORGAN STANLEY EUR LIQUIDITY FUND,LU1959429272,Variation Fonds Monétaires (EUR),,EUR,"-0,01",EUR,"790,31",
27-05-2021,00:00,26-05-2021,MORGAN STANLEY EUR LIQUIDITY FUND,LU1959429272,Variation Fonds Monétaires (EUR),,EUR,"-0,01",EUR,"790,33",
26-05-2021,00:00,25-05-2021,MORGAN STANLEY EUR LIQUIDITY FUND,LU1959429272,Variation Fonds Monétaires (EUR),,EUR,"-0,01",EUR,"790,34",
25-05-2021,00:00,24-05-2021,MORGAN STANLEY EUR LIQUIDITY FUND,LU1959429272,Variation Fonds Monétaires (EUR),,EUR,"-0,02",EUR,"790,36",
24-05-2021,00:00,23-05-2021,MORGAN STANLEY EUR LIQUIDITY FUND,LU1959429272,Variation Fonds Monétaires (EUR),,EUR,"-0,03",EUR,"790,37",
21-05-2021,00:00,20-05-2021,MORGAN STANLEY EUR LIQUIDITY FUND,LU1959429272,Variation Fonds Monétaires (EUR),,EUR,"-0,02",EUR,"790,41",
20-05-2021,00:00,19-05-2021,MORGAN STANLEY EUR LIQUIDITY FUND,LU1959429272,Variation Fonds Monétaires (EUR),,EUR,"-0,01",EUR,"790,42",
19-05-2021,00:00,18-05-2021,MORGAN STANLEY EUR LIQUIDITY FUND,LU1959429272,Variation Fonds Monétaires (EUR),,EUR,"-0,01",EUR,"790,44",
18-05-2021,00:00,17-05-2021,MORGAN STANLEY EUR LIQUIDITY FUND,LU1959429272,Variation Fonds Monétaires (EUR),,EUR,"-0,02",EUR,"790,45",
17-05-2021,00:00,16-05-2021,MORGAN STANLEY EUR LIQUIDITY FUND,LU1959429272,Variation Fonds Monétaires (EUR),,EUR,"-0,03",EUR,"790,47",
14-05-2021,00:00,13-05-2021,MORGAN STANLEY EUR LIQUIDITY FUND,LU1959429272,Variation Fonds Monétaires (EUR),,EUR,"-0,02",EUR,"790,50",
13-05-2021,00:00,12-05-2021,MORGAN STANLEY EUR LIQUIDITY FUND,LU1959429272,Variation Fonds Monétaires (EUR),,EUR,"-0,01",EUR,"790,52",
12-05-2021,00:00,11-05-2021,MORGAN STANLEY EUR LIQUIDITY FUND,LU1959429272,Variation Fonds Monétaires (EUR),,EUR,"-0,01",EUR,"790,53",
11-05-2021,00:00,10-05-2021,MORGAN STANLEY EUR LIQUIDITY FUND,LU1959429272,Variation Fonds Monétaires (EUR),,EUR,"-0,02",EUR,"790,55",
10-05-2021,00:00,09-05-2021,MORGAN STANLEY EUR LIQUIDITY FUND,LU1959429272,Variation Fonds Monétaires (EUR),,EUR,"-0,03",EUR,"790,56",
07-05-2021,00:00,06-05-2021,MORGAN STANLEY EUR LIQUIDITY FUND,LU1959429272,Variation Fonds Monétaires (EUR),,EUR,"-0,01",EUR,"790,60",
06-05-2021,12:47,06-05-2021,MORGAN STANLEY EUR LIQUIDITY FUND,LU1959429272,"Conversion Fonds Monétaires finalisée: Achat 0,000593 @ 9 882,5498 EUR",,,,EUR,"790,61",
06-05-2021,12:47,06-05-2021,MORGAN STANLEY EUR LIQUIDITY FUND,LU1959429272,"Conversion Fonds Monétaires finalisée: Achat 0,05 @ 9 882,5498 EUR",,,,EUR,"796,47",
06-05-2021,00:00,05-05-2021,MORGAN STANLEY EUR LIQUIDITY FUND,LU1959429272,Variation Fonds Monétaires (EUR),,EUR,"-0,01",EUR,"796,47",
05-05-2021,10:13,04-05-2021,,,Versement de fonds,,EUR,"500,00",EUR,"796,48",
05-05-2021,00:00,04-05-2021,MORGAN STANLEY EUR LIQUIDITY FUND,LU1959429272,Variation Fonds Monétaires (EUR),,EUR,"-0,00",EUR,"296,48",
04-05-2021,00:00,03-05-2021,MORGAN STANLEY EUR LIQUIDITY FUND,LU1959429272,Variation Fonds Monétaires (EUR),,EUR,"-0,01",EUR,"296,48",
03-05-2021,00:00,02-05-2021,MORGAN STANLEY EUR LIQUIDITY FUND,LU1959429272,Variation Fonds Monétaires (EUR),,EUR,"-0,01",EUR,"296,49",
30-04-2021,00:00,29-04-2021,MORGAN STANLEY EUR LIQUIDITY FUND,LU1959429272,Variation Fonds Monétaires (EUR),,EUR,"-0,01",EUR,"296,50",
29-04-2021,00:00,28-04-2021,MORGAN STANLEY EUR LIQUIDITY FUND,LU1959429272,Variation Fonds Monétaires (EUR),,EUR,"-0,01",EUR,"296,51",
28-04-2021,00:00,27-04-2021,MORGAN STANLEY EUR LIQUIDITY FUND,LU1959429272,Variation Fonds Monétaires (EUR),,EUR,"-0,00",EUR,"296,51",
27-04-2021,00:00,26-04-2021,MORGAN STANLEY EUR LIQUIDITY FUND,LU1959429272,Variation Fonds Monétaires (EUR),,EUR,"-0,01",EUR,"296,52",
26-04-2021,00:00,25-04-2021,MORGAN STANLEY EUR LIQUIDITY FUND,LU1959429272,Variation Fonds Monétaires (EUR),,EUR,"-0,01",EUR,"296,52",
23-04-2021,00:00,22-04-2021,MORGAN STANLEY EUR LIQUIDITY FUND,LU1959429272,Variation Fonds Monétaires (EUR),,EUR,"-0,01",EUR,"296,54",
22-04-2021,00:00,21-04-2021,MORGAN STANLEY EUR LIQUIDITY FUND,LU1959429272,Variation Fonds Monétaires (EUR),,EUR,"-0,01",EUR,"296,54",
21-04-2021,00:00,20-04-2021,MORGAN STANLEY EUR LIQUIDITY FUND,LU1959429272,Variation Fonds Monétaires (EUR),,EUR,"-0,00",EUR,"296,55",
20-04-2021,00:00,19-04-2021,MORGAN STANLEY EUR LIQUIDITY FUND,LU1959429272,Variation Fonds Monétaires (EUR),,EUR,"-0,01",EUR,"296,55",
19-04-2021,00:00,18-04-2021,MORGAN STANLEY EUR LIQUIDITY FUND,LU1959429272,Variation Fonds Monétaires (EUR),,EUR,"-0,01",EUR,"296,56",
16-04-2021,00:00,15-04-2021,MORGAN STANLEY EUR LIQUIDITY FUND,LU1959429272,Variation Fonds Monétaires (EUR),,EUR,"-0,01",EUR,"296,57",
15-04-2021,00:00,14-04-2021,MORGAN STANLEY EUR LIQUIDITY FUND,LU1959429272,Variation Fonds Monétaires (EUR),,EUR,"-0,01",EUR,"296,58",
14-04-2021,00:00,13-04-2021,MORGAN STANLEY EUR LIQUIDITY FUND,LU1959429272,Variation Fonds Monétaires (EUR),,EUR,"-0,01",EUR,"296,58",
13-04-2021,00:00,12-04-2021,MORGAN STANLEY EUR LIQUIDITY FUND,LU1959429272,Variation Fonds Monétaires (EUR),,EUR,"-0,01",EUR,"296,59",
12-04-2021,00:00,11-04-2021,MORGAN STANLEY EUR LIQUIDITY FUND,LU1959429272,Variation Fonds Monétaires (EUR),,EUR,"-0,01",EUR,"296,60",
09-04-2021,00:00,08-04-2021,MORGAN STANLEY EUR LIQUIDITY FUND,LU1959429272,Variation Fonds Monétaires (EUR),,EUR,"-0,01",EUR,"296,61",
08-04-2021,00:00,07-04-2021,MORGAN STANLEY EUR LIQUIDITY FUND,LU1959429272,Variation Fonds Monétaires (EUR),,EUR,"-0,01",EUR,"296,62",
07-04-2021,00:00,06-04-2021,MORGAN STANLEY EUR LIQUIDITY FUND,LU1959429272,Variation Fonds Monétaires (EUR),,EUR,"-0,01",EUR,"296,62",
06-04-2021,16:05,06-04-2021,MORGAN STANLEY EUR LIQUIDITY FUND,LU1959429272,"Conversion Fonds Monétaires finalisée: Vente 0,000518 @ 9 887,9194 EUR",,,,EUR,"296,63",
06-04-2021,00:00,05-04-2021,MORGAN STANLEY EUR LIQUIDITY FUND,LU1959429272,Variation Fonds Monétaires (EUR),,EUR,"-0,02",EUR,"291,51",
01-04-2021,12:04,31-03-2021,,,Frais de connexion aux places boursières 2021 (Borsa Italiana S.p.A. - MIL),,EUR,"-2,50",EUR,"291,53",
01-04-2021,12:04,31-03-2021,,,Frais de connexion aux places boursières 2021 (London Stock Exchange (LSE) - LSE),,EUR,"-2,50",EUR,"294,03",
01-04-2021,12:04,31-03-2021,,,Frais de connexion aux places boursières 2021 (Xetra - XET),,EUR,"-0,12",EUR,"296,53",
01-04-2021,00:00,31-03-2021,MORGAN STANLEY EUR LIQUIDITY FUND,LU1959429272,Variation Fonds Monétaires (EUR),,EUR,"-0,01",EUR,"296,65",
31-03-2021,00:00,30-03-2021,MORGAN STANLEY EUR LIQUIDITY FUND,LU1959429272,Variation Fonds Monétaires (EUR),,EUR,"-0,00",EUR,"296,66",
30-03-2021,00:00,29-03-2021,MORGAN STANLEY EUR LIQUIDITY FUND,LU1959429272,Variation Fonds Monétaires (EUR),,EUR,"-0,01",EUR,"296,66",
29-03-2021,00:00,28-03-2021,MORGAN STANLEY EUR LIQUIDITY FUND,LU1959429272,Variation Fonds Monétaires (EUR),,EUR,"-0,01",EUR,"296,67",
26-03-2021,00:00,25-03-2021,MORGAN STANLEY EUR LIQUIDITY FUND,LU1959429272,Variation Fonds Monétaires (EUR),,EUR,"-0,01",EUR,"296,68",
25-03-2021,00:00,24-03-2021,MORGAN STANLEY EUR LIQUIDITY FUND,LU1959429272,Variation Fonds Monétaires (EUR),,EUR,"-0,01",EUR,"296,69",
24-03-2021,00:00,23-03-2021,MORGAN STANLEY EUR LIQUIDITY FUND,LU1959429272,Variation Fonds Monétaires (EUR),,EUR,"-0,00",EUR,"296,69",
23-03-2021,00:00,22-03-2021,MORGAN STANLEY EUR LIQUIDITY FUND,LU1959429272,Variation Fonds Monétaires (EUR),,EUR,"-0,01",EUR,"296,70",
22-03-2021,00:00,21-03-2021,MORGAN STANLEY EUR LIQUIDITY FUND,LU1959429272,Variation Fonds Monétaires (EUR),,EUR,"-0,01",EUR,"296,70",
19-03-2021,00:00,18-03-2021,MORGAN STANLEY EUR LIQUIDITY FUND,LU1959429272,Variation Fonds Monétaires (EUR),,EUR,"-0,01",EUR,"296,71",
18-03-2021,16:45,18-03-2021,MORGAN STANLEY EUR LIQUIDITY FUND,LU1959429272,"Conversion Fonds Monétaires finalisée: Vente 0,008042 @ 9 891,0283 EUR",,,,EUR,"296,72",
18-03-2021,16:45,18-03-2021,MORGAN STANLEY EUR LIQUIDITY FUND,LU1959429272,"Conversion Fonds Monétaires finalisée: Vente 0,4 @ 9 891,0283 EUR",,,,EUR,"316,09",
18-03-2021,00:00,17-03-2021,MORGAN STANLEY EUR LIQUIDITY FUND,LU1959429272,Variation Fonds Monétaires (EUR),,EUR,"-0,08",EUR,"316,09",
17-03-2021,13:20,17-03-2021,ISH DM PPTY YLD,IE00BFM6T921,Operation de change - Crédit,"1,1886",USD,"1196,58",USD,"0,00",1eff2fc3-22b9-4b4e-a455-6b6d7341b1d0
17-03-2021,13:20,17-03-2021,ISH DM PPTY YLD,IE00BFM6T921,Opération de change - Débit,,EUR,"-1006,71",EUR,"316,17",1eff2fc3-22b9-4b4e-a455-6b6d7341b1d0
17-03-2021,13:20,17-03-2021,ISH DM PPTY YLD,IE00BFM6T921,Frais DEGIRO de courtage et/ou de parties tierces,,EUR,"-0,20",EUR,"1322,88",1eff2fc3-22b9-4b4e-a455-6b6d7341b1d0
17-03-2021,13:20,17-03-2021,ISH DM PPTY YLD,IE00BFM6T921,Frais DEGIRO de courtage et/ou de parties tierces,,EUR,"-2,00",EUR,"1323,08",1eff2fc3-22b9-4b4e-a455-6b6d7341b1d0
17-03-2021,13:20,17-03-2021,ISH DM PPTY YLD,IE00BFM6T921,"Achat 210 ISH DM PPTY YLD@5,698 USD (IE00BFM6T921)",,USD,"-1196,58",USD,"-1196,58",1eff2fc3-22b9-4b4e-a455-6b6d7341b1d0
17-03-2021,13:19,17-03-2021,ISHARES $ TIPS UCITS ETF,IE00B1FZSC47,Frais DEGIRO de courtage et/ou de parties tierces,,EUR,"-0,60",EUR,"1325,08",5a2f2840-26e4-449e-a4c7-4267f0aa516c
17-03-2021,13:19,17-03-2021,ISHARES $ TIPS UCITS ETF,IE00B1FZSC47,Frais DEGIRO de courtage et/ou de parties tierces,,EUR,"-2,00",EUR,"1325,68",5a2f2840-26e4-449e-a4c7-4267f0aa516c
17-03-2021,13:19,17-03-2021,ISHARES $ TIPS UCITS ETF,IE00B1FZSC47,"Achat 15 ISHARES $ TIPS UCITS ETF@201,63 EUR (IE00B1FZSC47)",,EUR,"-3024,45",EUR,"1327,68",5a2f2840-26e4-449e-a4c7-4267f0aa516c
17-03-2021,00:00,16-03-2021,MORGAN STANLEY EUR LIQUIDITY FUND,LU1959429272,Variation Fonds Monétaires (EUR),,EUR,"-0,07",EUR,"4352,13",
16-03-2021,00:00,15-03-2021,MORGAN STANLEY EUR LIQUIDITY FUND,LU1959429272,Variation Fonds Monétaires (EUR),,EUR,"-0,10",EUR,"4352,20",
15-03-2021,15:58,15-03-2021,MORGAN STANLEY EUR LIQUIDITY FUND,LU1959429272,"Conversion Fonds Monétaires finalisée: Achat 0,004383 @ 9 891,6123 EUR",,,,EUR,"4352,30",
15-03-2021,15:58,15-03-2021,MORGAN STANLEY EUR LIQUIDITY FUND,LU1959429272,"Conversion Fonds Monétaires finalisée: Achat 0,4 @ 9 891,6123 EUR",,,,EUR,"4296,74",
15-03-2021,00:00,14-03-2021,MORGAN STANLEY EUR LIQUIDITY FUND,LU1959429272,Variation Fonds Monétaires (EUR),,EUR,"-0,01",EUR,"4296,74",
12-03-2021,11:58,12-03-2021,,,Versement de fonds,,EUR,"4000,00",EUR,"4296,76",
12-03-2021,00:00,11-03-2021,MORGAN STANLEY EUR LIQUIDITY FUND,LU1959429272,Variation Fonds Monétaires (EUR),,EUR,"-0,00",EUR,"296,76",
11-03-2021,00:00,10-03-2021,MORGAN STANLEY EUR LIQUIDITY FUND,LU1959429272,Variation Fonds Monétaires (EUR),,EUR,"-0,01",EUR,"296,76",
10-03-2021,00:00,09-03-2021,MORGAN STANLEY EUR LIQUIDITY FUND,LU1959429272,Variation Fonds Monétaires (EUR),,EUR,"-0,00",EUR,"296,77",
09-03-2021,00:00,08-03-2021,MORGAN STANLEY EUR LIQUIDITY FUND,LU1959429272,Variation Fonds Monétaires (EUR),,EUR,"-0,01",EUR,"296,77",
08-03-2021,00:00,07-03-2021,MORGAN STANLEY EUR LIQUIDITY FUND,LU1959429272,Variation Fonds Monétaires (EUR),,EUR,"-0,01",EUR,"296,78",
05-03-2021,00:00,04-03-2021,MORGAN STANLEY EUR LIQUIDITY FUND,LU1959429272,Variation Fonds Monétaires (EUR),,EUR,"-0,01",EUR,"296,79",
04-03-2021,00:00,03-03-2021,MORGAN STANLEY EUR LIQUIDITY FUND,LU1959429272,Variation Fonds Monétaires (EUR),,EUR,"-0,00",EUR,"296,80",
03-03-2021,00:00,02-03-2021,MORGAN STANLEY EUR LIQUIDITY FUND,LU1959429272,Variation Fonds Monétaires (EUR),,EUR,"-0,01",EUR,"296,80",
02-03-2021,16:11,02-03-2021,MORGAN STANLEY EUR LIQUIDITY FUND,LU1959429272,"Conversion Fonds Monétaires finalisée: Vente 0,000008 @ 9 893,7116 EUR",,,,EUR,"296,81",
02-03-2021,00:00,01-03-2021,MORGAN STANLEY EUR LIQUIDITY FUND,LU1959429272,Variation Fonds Monétaires (EUR),,EUR,"-0,01",EUR,"296,73",
01-03-2021,11:20,28-02-2021,,,Frais de connexion aux places boursières 2021 (Xetra - XET),,EUR,"-0,08",EUR,"296,73",
01-03-2021,00:00,28-02-2021,MORGAN STANLEY EUR LIQUIDITY FUND,LU1959429272,Variation Fonds Monétaires (EUR),,EUR,"-0,01",EUR,"296,81",
26-02-2021,00:00,25-02-2021,MORGAN STANLEY EUR LIQUIDITY FUND,LU1959429272,Variation Fonds Monétaires (EUR),,EUR,"-0,01",EUR,"296,83",
25-02-2021,00:00,24-02-2021,MORGAN STANLEY EUR LIQUIDITY FUND,LU1959429272,Variation Fonds Monétaires (EUR),,EUR,"-0,00",EUR,"296,83",
24-02-2021,00:00,23-02-2021,MORGAN STANLEY EUR LIQUIDITY FUND,LU1959429272,Variation Fonds Monétaires (EUR),,EUR,"-0,01",EUR,"296,84",
23-02-2021,00:00,22-02-2021,MORGAN STANLEY EUR LIQUIDITY FUND,LU1959429272,Variation Fonds Monétaires (EUR),,EUR,"-0,01",EUR,"296,84",
22-02-2021,00:00,21-02-2021,MORGAN STANLEY EUR LIQUIDITY FUND,LU1959429272,Variation Fonds Monétaires (EUR),,EUR,"-0,01",EUR,"296,85",
19-02-2021,00:00,18-02-2021,MORGAN STANLEY EUR LIQUIDITY FUND,LU1959429272,Variation Fonds Monétaires (EUR),,EUR,"-0,01",EUR,"296,87",
18-02-2021,00:00,17-02-2021,MORGAN STANLEY EUR LIQUIDITY FUND,LU1959429272,Variation Fonds Monétaires (EUR),,EUR,"-0,01",EUR,"296,87",
17-02-2021,00:00,16-02-2021,MORGAN STANLEY EUR LIQUIDITY FUND,LU1959429272,Variation Fonds Monétaires (EUR),,EUR,"-0,00",EUR,"296,88",
16-02-2021,00:00,15-02-2021,MORGAN STANLEY EUR LIQUIDITY FUND,LU1959429272,Variation Fonds Monétaires (EUR),,EUR,"-0,01",EUR,"296,88",
15-02-2021,00:00,14-02-2021,MORGAN STANLEY EUR LIQUIDITY FUND,LU1959429272,Variation Fonds Monétaires (EUR),,EUR,"-0,01",EUR,"296,89",
12-02-2021,00:00,11-02-2021,MORGAN STANLEY EUR LIQUIDITY FUND,LU1959429272,Variation Fonds Monétaires (EUR),,EUR,"-0,01",EUR,"296,90",
11-02-2021,00:00,10-02-2021,MORGAN STANLEY EUR LIQUIDITY FUND,LU1959429272,Variation Fonds Monétaires (EUR),,EUR,"-0,01",EUR,"296,91",
10-02-2021,00:00,09-02-2021,MORGAN STANLEY EUR LIQUIDITY FUND,LU1959429272,Variation Fonds Monétaires (EUR),,EUR,"-0,01",EUR,"296,91",
09-02-2021,00:00,08-02-2021,MORGAN STANLEY EUR LIQUIDITY FUND,LU1959429272,Variation Fonds Monétaires (EUR),,EUR,"-0,01",EUR,"296,92",
08-02-2021,00:00,07-02-2021,MORGAN STANLEY EUR LIQUIDITY FUND,LU1959429272,Variation Fonds Monétaires (EUR),,EUR,"-0,01",EUR,"296,93",
05-02-2021,00:00,04-02-2021,MORGAN STANLEY EUR LIQUIDITY FUND,LU1959429272,Variation Fonds Monétaires (EUR),,EUR,"-0,01",EUR,"296,94",
04-02-2021,00:00,03-02-2021,MORGAN STANLEY EUR LIQUIDITY FUND,LU1959429272,Variation Fonds Monétaires (EUR),,EUR,"-0,01",EUR,"296,95",
03-02-2021,00:00,02-02-2021,MORGAN STANLEY EUR LIQUIDITY FUND,LU1959429272,Variation Fonds Monétaires (EUR),,EUR,"-0,01",EUR,"296,95",
02-02-2021,17:26,02-02-2021,MORGAN STANLEY EUR LIQUIDITY FUND,LU1959429272,"Conversion Fonds Monétaires finalisée: Vente 0,000232 @ 9 898,6954 EUR",,,,EUR,"296,96",
02-02-2021,00:00,01-02-2021,MORGAN STANLEY EUR LIQUIDITY FUND,LU1959429272,Variation Fonds Monétaires (EUR),,EUR,"-0,01",EUR,"294,66",
01-02-2021,17:19,01-02-2021,MORGAN STANLEY EUR LIQUIDITY FUND,LU1959429272,"Conversion Fonds Monétaires finalisée: Vente 0,001665 @ 9 898,9254 EUR",,,,EUR,"294,67",
01-02-2021,17:19,01-02-2021,MORGAN STANLEY EUR LIQUIDITY FUND,LU1959429272,"Conversion Fonds Monétaires finalisée: Vente 0,06 @ 9 898,9254 EUR",,,,EUR,"278,19",
01-02-2021,00:00,31-01-2021,MORGAN STANLEY EUR LIQUIDITY FUND,LU1959429272,Variation Fonds Monétaires (EUR),,EUR,"-0,04",EUR,"278,19",
31-01-2021,13:18,31-12-2020,,,Frais de connexion aux places boursières 2021 (Xetra - XET),,EUR,"-2,30",EUR,"278,23",
29-01-2021,16:49,29-01-2021,ISHARES NASDAQ 100 UCITS ETF USD (ACC),IE00B53SZB19,Frais DEGIRO de courtage et/ou de parties tierces,,EUR,"-0,12",EUR,"280,53",9400b5d1-1023-4343-bba8-94b60af81751
29-01-2021,16:49,29-01-2021,ISHARES NASDAQ 100 UCITS ETF USD (ACC),IE00B53SZB19,Frais DEGIRO de courtage et/ou de parties tierces,,EUR,"-2,00",EUR,"280,65",9400b5d1-1023-4343-bba8-94b60af81751
29-01-2021,16:49,29-01-2021,ISHARES NASDAQ 100 UCITS ETF USD (ACC),IE00B53SZB19,"Achat 1 iShares NASDAQ 100 UCITS ETF USD (Acc)@608,3 EUR (IE00B53SZB19)",,EUR,"-608,30",EUR,"282,65",9400b5d1-1023-4343-bba8-94b60af81751
29-01-2021,00:00,28-01-2021,MORGAN STANLEY EUR LIQUIDITY FUND,LU1959429272,Variation Fonds Monétaires (EUR),,EUR,"-0,02",EUR,"890,95",
28-01-2021,00:00,27-01-2021,MORGAN STANLEY EUR LIQUIDITY FUND,LU1959429272,Variation Fonds Monétaires (EUR),,EUR,"-0,01",EUR,"890,96",
27-01-2021,00:00,26-01-2021,MORGAN STANLEY EUR LIQUIDITY FUND,LU1959429272,Variation Fonds Monétaires (EUR),,EUR,"-0,02",EUR,"890,98",
26-01-2021,00:00,25-01-2021,MORGAN STANLEY EUR LIQUIDITY FUND,LU1959429272,Variation Fonds Monétaires (EUR),,EUR,"-0,02",EUR,"891,00",
25-01-2021,00:00,24-01-2021,MORGAN STANLEY EUR LIQUIDITY FUND,LU1959429272,Variation Fonds Monétaires (EUR),,EUR,"-0,04",EUR,"891,02",
22-01-2021,00:00,21-01-2021,MORGAN STANLEY EUR LIQUIDITY FUND,LU1959429272,Variation Fonds Monétaires (EUR),,EUR,"-0,02",EUR,"891,06",
21-01-2021,00:00,20-01-2021,MORGAN STANLEY EUR LIQUIDITY FUND,LU1959429272,Variation Fonds Monétaires (EUR),,EUR,"-0,02",EUR,"891,08",
20-01-2021,00:00,19-01-2021,MORGAN STANLEY EUR LIQUIDITY FUND,LU1959429272,Variation Fonds Monétaires (EUR),,EUR,"-0,02",EUR,"891,10",
19-01-2021,00:00,18-01-2021,MORGAN STANLEY EUR LIQUIDITY FUND,LU1959429272,Variation Fonds Monétaires (EUR),,EUR,"-0,02",EUR,"891,12",
18-01-2021,00:00,17-01-2021,MORGAN STANLEY EUR LIQUIDITY FUND,LU1959429272,Variation Fonds Monétaires (EUR),,EUR,"-0,04",EUR,"891,14",
15-01-2021,00:00,14-01-2021,MORGAN STANLEY EUR LIQUIDITY FUND,LU1959429272,Variation Fonds Monétaires (EUR),,EUR,"-0,02",EUR,"891,18",
14-01-2021,00:00,13-01-2021,MORGAN STANLEY EUR LIQUIDITY FUND,LU1959429272,Variation Fonds Monétaires (EUR),,EUR,"-0,02",EUR,"891,20",
13-01-2021,00:00,12-01-2021,MORGAN STANLEY EUR LIQUIDITY FUND,LU1959429272,Variation Fonds Monétaires (EUR),,EUR,"-0,02",EUR,"891,22",
12-01-2021,00:00,11-01-2021,MORGAN STANLEY EUR LIQUIDITY FUND,LU1959429272,Variation Fonds Monétaires (EUR),,EUR,"-0,02",EUR,"891,24",
11-01-2021,00:00,10-01-2021,MORGAN STANLEY EUR LIQUIDITY FUND,LU1959429272,Variation Fonds Monétaires (EUR),,EUR,"-0,04",EUR,"891,26",
08-01-2021,00:00,07-01-2021,MORGAN STANLEY EUR LIQUIDITY FUND,LU1959429272,Variation Fonds Monétaires (EUR),,EUR,"-0,02",EUR,"891,30",
07-01-2021,00:00,06-01-2021,MORGAN STANLEY EUR LIQUIDITY FUND,LU1959429272,Variation Fonds Monétaires (EUR),,EUR,"-0,02",EUR,"891,32",
06-01-2021,00:00,05-01-2021,MORGAN STANLEY EUR LIQUIDITY FUND,LU1959429272,Variation Fonds Monétaires (EUR),,EUR,"-0,02",EUR,"891,34",
05-01-2021,00:00,04-01-2021,MORGAN STANLEY EUR LIQUIDITY FUND,LU1959429272,Variation Fonds Monétaires (EUR),,EUR,"-0,01",EUR,"891,36",
04-01-2021,16:14,04-01-2021,MORGAN STANLEY EUR LIQUIDITY FUND,LU1959429272,"Conversion Fonds Monétaires finalisée: Achat 0,000872 @ 9 904,1111 EUR",,,,EUR,"891,37",
04-01-2021,16:14,04-01-2021,MORGAN STANLEY EUR LIQUIDITY FUND,LU1959429272,"Conversion Fonds Monétaires finalisée: Achat 0,09 @ 9 904,1111 EUR",,,,EUR,"900,01",
04-01-2021,00:00,03-01-2021,MORGAN STANLEY EUR LIQUIDITY FUND,LU1959429272,Variation Fonds Monétaires (EUR),,EUR,"0,00",EUR,"900,01",
30-12-2020,17:40,30-12-2020,,,Versement de fonds,,EUR,"900,00",EUR,"900,01",
22-12-2020,16:04,22-12-2020,MORGAN STANLEY EUR LIQUIDITY FUND,LU1959429272,"Conversion Fonds Monétaires finalisée: Achat 0,002018 @ 9 906,4497 EUR",,,,EUR,"0,01",
21-12-2020,14:12,21-12-2020,,,Versement de fonds,,EUR,"20,00",EUR,"20,00",
